{"tabular":[{"ano":1975,"valor":40.5,"metodologia":"estatura x idade (NCHS/OMS 1987)","região":"brasil","name_region":"Brasil","region":"Brasil"},{"ano":1989,"valor":22.7,"metodologia":"estatura x idade (NCHS/OMS 1987)","região":"brasil","name_region":"Brasil","region":"Brasil"},{"ano":1996,"valor":18.9,"metodologia":"estatura x idade (NCHS/OMS 1987)","região":"brasil","name_region":"Brasil","region":"Brasil"},{"ano":1996,"valor":13.4,"metodologia":"estatura x idade (OMS 2006)","região":"brasil","name_region":"Brasil","region":"Brasil"},{"ano":2006,"valor":6.7,"metodologia":"estatura x idade (OMS 2006)","região":"brasil","name_region":"Brasil","region":"Brasil"},{"ano":2019,"valor":7,"metodologia":"estatura x idade (OMS 2006)","região":"brasil","name_region":"Brasil","region":"Brasil"},{"ano":1975,"valor":39,"metodologia":"estatura x idade (NCHS/OMS 1987)","região":"norte","name_region":"Norte","region":"Norte"},{"ano":1989,"valor":23,"metodologia":"estatura x idade (NCHS/OMS 1987)","região":"norte","name_region":"Norte","region":"Norte"},{"ano":1996,"valor":16.6,"metodologia":"estatura x idade (NCHS/OMS 1987)","região":"norte","name_region":"Norte","region":"Norte"},{"ano":1996,"valor":20.7,"metodologia":"estatura x idade (OMS 2006)","região":"norte","name_region":"Norte","region":"Norte"},{"ano":2006,"valor":14.8,"metodologia":"estatura x idade (OMS 2006)","região":"norte","name_region":"Norte","region":"Norte"},{"ano":2019,"valor":8.4,"metodologia":"estatura x idade (OMS 2006)","região":"norte","name_region":"Norte","region":"Norte"},{"ano":1975,"valor":40.8,"metodologia":"estatura x idade (NCHS/OMS 1987)","região":"nordeste","name_region":"Nordeste","region":"Nordeste"},{"ano":1989,"valor":23.8,"metodologia":"estatura x idade (NCHS/OMS 1987)","região":"nordeste","name_region":"Nordeste","region":"Nordeste"},{"ano":1996,"valor":13,"metodologia":"estatura x idade (NCHS/OMS 1987)","região":"nordeste","name_region":"Nordeste","region":"Nordeste"},{"ano":1996,"valor":22.1,"metodologia":"estatura x idade (OMS 2006)","região":"nordeste","name_region":"Nordeste","region":"Nordeste"},{"ano":2006,"valor":5.8,"metodologia":"estatura x idade (OMS 2006)","região":"nordeste","name_region":"Nordeste","region":"Nordeste"},{"ano":2019,"valor":6.2,"metodologia":"estatura x idade (OMS 2006)","região":"nordeste","name_region":"Nordeste","region":"Nordeste"},{"ano":1975,"valor":20.5,"metodologia":"estatura x idade (NCHS/OMS 1987)","região":"centro-sul","name_region":"Centro Sul","region":"Sul"},{"ano":1975,"valor":20.5,"metodologia":"estatura x idade (NCHS/OMS 1987)","região":"centro-sul","name_region":"Centro Sul","region":"Sudeste"},{"ano":1975,"valor":20.5,"metodologia":"estatura x idade (NCHS/OMS 1987)","região":"centro-sul","name_region":"Centro Sul","region":"Centro Oeste"},{"ano":1989,"valor":7.5,"metodologia":"estatura x idade (NCHS/OMS 1987)","região":"centro-sul","name_region":"Centro Sul","region":"Sul"},{"ano":1989,"valor":7.5,"metodologia":"estatura x idade (NCHS/OMS 1987)","região":"centro-sul","name_region":"Centro Sul","region":"Sudeste"},{"ano":1989,"valor":7.5,"metodologia":"estatura x idade (NCHS/OMS 1987)","região":"centro-sul","name_region":"Centro Sul","region":"Centro Oeste"},{"ano":1996,"valor":4.6,"metodologia":"estatura x idade (NCHS/OMS 1987)","região":"centro-sul","name_region":"Centro Sul","region":"Sul"},{"ano":1996,"valor":4.6,"metodologia":"estatura x idade (NCHS/OMS 1987)","região":"centro-sul","name_region":"Centro Sul","region":"Sudeste"},{"ano":1996,"valor":4.6,"metodologia":"estatura x idade (NCHS/OMS 1987)","região":"centro-sul","name_region":"Centro Sul","region":"Centro Oeste"},{"ano":1996,"valor":7.2,"metodologia":"estatura x idade (OMS 2006)","região":"sudeste","name_region":"Sudeste","region":"Sudeste"},{"ano":2006,"valor":5.7,"metodologia":"estatura x idade (OMS 2006)","região":"sudeste","name_region":"Sudeste","region":"Sudeste"},{"ano":2019,"valor":7.3,"metodologia":"estatura x idade (OMS 2006)","região":"sudeste","name_region":"Sudeste","region":"Sudeste"},{"ano":1996,"valor":7,"metodologia":"estatura x idade (OMS 2006)","região":"sul","name_region":"Sul","region":"Sul"},{"ano":2006,"valor":8.4,"metodologia":"estatura x idade (OMS 2006)","região":"sul","name_region":"Sul","region":"Sul"},{"ano":2019,"valor":7,"metodologia":"estatura x idade (OMS 2006)","região":"sul","name_region":"Sul","region":"Sul"},{"ano":1996,"valor":10.7,"metodologia":"estatura x idade (OMS 2006)","região":"centro-oeste","name_region":"Centro Oeste","region":"Centro Oeste"},{"ano":2006,"valor":5.5,"metodologia":"estatura x idade (OMS 2006)","região":"centro-oeste","name_region":"Centro Oeste","region":"Centro Oeste"},{"ano":2019,"valor":6.1,"metodologia":"estatura x idade (OMS 2006)","região":"centro-oeste","name_region":"Centro Oeste","region":"Centro Oeste"}],"map":["{\"type\":\"FeatureCollection\",\"features\":[{\"type\":\"Feature\",\"properties\":{\"code_region\":1.0,\"name_region\":\"Norte\"},\"geometry\":{\"type\":\"Polygon\",\"coordinates\":[[[-48.358782,-5.170085],[-47.928104,-5.241236],[-47.485067,-5.557451],[-47.377236,-6.266768],[-47.529951,-6.980105],[-47.750406,-7.183464],[-47.488322,-7.31182],[-47.590295,-7.440886],[-47.043503,-8.053589],[-46.619633,-7.896638],[-46.476963,-8.012216],[-46.514224,-8.283638],[-46.806835,-8.398971],[-47.070552,-9.061954],[-46.560976,-9.484033],[-46.64742,-9.73035],[-46.36789,-10.168814],[-45.699959,-10.18601],[-46.617097,-11.28945],[-46.479314,-11.516391],[-46.086675,-11.622137],[-46.314942,-11.630736],[-46.373284,-11.872306],[-46.17126,-11.900997],[-46.397865,-12.04034],[-46.352396,-12.337403],[-46.153885,-12.483355],[-46.305224,-12.94887],[-46.114275,-12.917906],[-46.364279,-12.99136],[-46.417625,-12.823458],[-46.45465,-12.971153],[-47.427066,-13.290661],[-47.634229,-13.103112],[-47.678986,-13.467713],[-47.82122,-13.312608],[-48.165404,-13.305789],[-48.146654,-13.152011],[-48.441713,-13.292367],[-48.507938,-13.127998],[-48.586411,-13.317614],[-48.602341,-13.059171],[-48.870081,-12.803479],[-48.97563,-12.957194],[-49.119083,-12.790362],[-49.237414,-12.884075],[-49.369529,-13.274619],[-50.292652,-12.839916],[-50.144868,-12.39521],[-50.511066,-12.860768],[-50.622732,-12.819736],[-50.742063,-11.454906],[-50.602898,-10.658234],[-50.224806,-9.841153],[-56.757384,-9.406176],[-57.195003,-8.927514],[-57.592938,-8.756477],[-57.643212,-8.212175],[-58.127751,-7.350305],[-58.384741,-7.843989],[-58.287168,-8.128545],[-58.415877,-8.792843],[-61.583135,-8.798689],[-61.468494,-8.917369],[-61.633348,-9.270607],[-61.476796,-9.628724],[-61.550258,-10.986095],[-60.46005,-10.989856],[-59.983901,-11.116276],[-59.917193,-11.338435],[-60.108771,-11.839579],[-59.774353,-12.340956],[-60.067942,-12.613183],[-60.384033,-13.449229],[-60.717532,-13.6937],[-61.014924,-13.487536],[-61.841094,-13.548914],[-62.170485,-13.113923],[-62.779097,-13.009574],[-63.158384,-12.614136],[-63.295544,-12.681857],[-63.786303,-12.427945],[-64.286724,-12.502953],[-64.700894,-12.092016],[-65.030527,-11.996605],[-65.361332,-11.251356],[-65.250552,-10.985632],[-65.429747,-10.480948],[-65.286047,-9.84549],[-65.443437,-9.669323],[-65.558029,-9.844635],[-65.771911,-9.734296],[-66.61991,-9.894046],[-67.708155,-10.708048],[-68.032829,-10.655345],[-68.542971,-11.111355],[-69.417623,-10.925278],[-70.621007,-10.999641],[-70.495186,-9.424001],[-71.210845,-9.96639],[-72.180453,-10.0],[-72.356875,-9.494134],[-73.211897,-9.411669],[-72.936313,-8.989488],[-73.341448,-8.615737],[-73.772005,-7.901985],[-73.68381,-7.776055],[-73.99045,-7.535961],[-73.96345,-7.347253],[-73.699809,-7.303909],[-73.707196,-6.839651],[-73.138416,-6.497976],[-73.237469,-6.032191],[-72.961776,-5.654579],[-72.873072,-5.156073],[-71.882902,-4.516178],[-70.943208,-4.386115],[-70.653499,-4.127195],[-70.326032,-4.146294],[-70.199086,-4.366416],[-69.963807,-4.300647],[-69.395709,-1.132601],[-69.615469,-0.506303],[-70.057433,-0.186777],[-70.043566,0.558828],[-69.481475,0.735607],[-69.115159,0.649842],[-69.265356,1.064361],[-69.844377,1.085379],[-69.842545,1.720775],[-68.156813,1.731635],[-68.182918,1.978796],[-67.941295,1.830731],[-67.389261,2.244011],[-67.097382,1.732601],[-67.08816,1.166897],[-66.856933,1.230206],[-66.31852,0.755042],[-65.585558,1.008935],[-65.540531,0.64879],[-65.103086,1.156656],[-64.729139,1.23459],[-64.397467,1.526836],[-64.338022,1.363523],[-63.995525,1.979897],[-63.372089,2.211862],[-63.406846,2.435939],[-64.057468,2.499354],[-63.993854,2.769904],[-64.235523,3.116573],[-64.185802,3.559619],[-64.799693,4.284068],[-64.560504,4.101567],[-64.164415,4.126284],[-63.965805,3.868229],[-63.683024,4.018506],[-63.497467,3.839895],[-63.428856,3.97712],[-63.207745,3.952397],[-62.960243,3.607678],[-62.743851,3.67323],[-62.753579,4.031289],[-62.558299,4.016006],[-62.464124,4.177399],[-61.930794,4.103226],[-61.323211,4.534889],[-60.994682,4.518507],[-60.589957,4.931012],[-60.682451,5.231843],[-60.212454,5.271841],[-59.996838,5.084499],[-60.163287,4.506282],[-59.674111,4.376008],[-59.725509,4.182122],[-59.516334,3.94407],[-59.866338,3.577681],[-59.988838,2.881573],[-59.903283,2.376849],[-59.72245,2.276848],[-59.753556,1.864357],[-58.825222,1.171319],[-58.496327,1.268015],[-58.50883,1.463],[-58.327217,1.595261],[-58.004326,1.503086],[-57.990191,1.658501],[-57.53769,1.700564],[-57.304406,1.997542],[-55.956453,1.845178],[-55.903178,2.041164],[-56.138952,2.265833],[-55.970594,2.529406],[-55.385399,2.418454],[-55.003806,2.591027],[-54.436579,2.209887],[-53.76722,2.378923],[-52.955909,2.163684],[-52.554845,2.514972],[-52.333262,3.172237],[-51.646537,4.044539],[-51.549651,4.424341],[-51.427678,4.373605],[-51.075612,3.890616],[-51.035809,3.137134],[-50.702532,2.138208],[-50.446139,2.199241],[-50.238142,1.803183],[-49.915055,1.695519],[-50.061252,0.338431],[-49.677635,0.365974],[-49.396965,0.015753],[-48.930711,-0.225923],[-48.408648,-0.259045],[-48.4726,-0.499068],[-47.996979,-0.704769],[-47.897598,-0.552805],[-47.840979,-0.680215],[-47.700235,-0.537191],[-47.626457,-0.701405],[-47.316729,-0.588865],[-47.167706,-0.774168],[-46.963172,-0.707811],[-46.952315,-0.864043],[-46.85795,-0.722069],[-46.746307,-0.920406],[-46.638111,-0.788268],[-46.675339,-0.976228],[-46.426998,-0.85791],[-46.428749,-1.065392],[-46.196274,-0.889312],[-46.272023,-1.172536],[-46.072938,-1.018564],[-46.152061,-1.673602],[-46.32398,-1.765544],[-46.208621,-1.830886],[-46.275907,-2.15871],[-46.428213,-2.239734],[-46.420212,-2.530165],[-46.670394,-2.70641],[-46.575809,-2.841388],[-47.079425,-3.846144],[-47.611942,-4.557358],[-48.755151,-5.349165],[-48.358782,-5.170085]]]}},{\"type\":\"Feature\",\"properties\":{\"code_region\":2.0,\"name_region\":\"Nordeste\"},\"geometry\":{\"type\":\"Polygon\",\"coordinates\":[[[-37.341147,-11.442336],[-38.047305,-12.635472],[-38.954793,-13.244513],[-38.88741,-13.645282],[-39.07151,-14.634795],[-38.856388,-15.859375],[-39.212533,-17.163695],[-39.136185,-17.689012],[-39.669494,-18.34849],[-40.222351,-17.980417],[-40.220797,-17.737247],[-40.623475,-17.405981],[-40.491206,-16.88449],[-40.281637,-16.901184],[-40.283493,-16.587448],[-39.857274,-16.115695],[-40.231111,-15.803847],[-40.82211,-15.646007],[-41.331206,-15.744673],[-41.356423,-15.500286],[-41.80071,-15.101097],[-42.091621,-15.186605],[-43.17635,-14.650544],[-43.529757,-14.815945],[-43.883508,-14.653232],[-43.784017,-14.337179],[-44.215333,-14.233181],[-46.094809,-15.246142],[-45.9073,-14.353233],[-46.265783,-14.097961],[-46.244283,-13.433694],[-46.041083,-13.27667],[-46.315924,-13.303172],[-46.322665,-13.098283],[-46.111639,-12.925593],[-46.305224,-12.94887],[-46.153885,-12.483355],[-46.352396,-12.337403],[-46.397865,-12.04034],[-46.17126,-11.900997],[-46.373284,-11.872305],[-46.314942,-11.630736],[-46.083193,-11.636127],[-46.479314,-11.516391],[-46.617097,-11.28945],[-45.700324,-10.183069],[-46.36789,-10.168814],[-46.64742,-9.73035],[-46.560976,-9.484033],[-47.070552,-9.061954],[-46.806835,-8.398971],[-46.544145,-8.319612],[-46.466617,-8.066195],[-46.604672,-7.896176],[-47.043503,-8.053589],[-47.590295,-7.440886],[-47.499786,-7.293858],[-47.749826,-7.195262],[-47.529951,-6.980105],[-47.377236,-6.266768],[-47.50012,-5.525605],[-48.36391,-5.168381],[-48.755151,-5.349165],[-47.611942,-4.557358],[-47.085205,-3.85664],[-46.575809,-2.841388],[-46.670394,-2.70641],[-46.420212,-2.530165],[-46.428213,-2.239734],[-46.275907,-2.15871],[-46.208621,-1.830886],[-46.32398,-1.765544],[-46.153672,-1.67763],[-46.015532,-1.065144],[-45.948479,-1.238626],[-45.840733,-1.045485],[-45.801174,-1.344433],[-45.67968,-1.138281],[-45.725718,-1.417359],[-45.409521,-1.290077],[-45.482146,-1.543689],[-45.319037,-1.316399],[-45.352808,-1.736612],[-45.107096,-1.42095],[-44.815959,-1.418326],[-44.901157,-1.611545],[-44.642747,-1.624256],[-44.846076,-1.828701],[-44.593618,-1.744124],[-44.328677,-2.500078],[-44.022842,-2.398249],[-44.118813,-2.472876],[-43.983818,-2.575567],[-43.610541,-2.219584],[-42.694055,-2.651128],[-42.73789,-2.550726],[-42.480982,-2.712378],[-41.823829,-2.719287],[-41.590403,-2.906395],[-39.987701,-2.842489],[-38.4603,-3.705064],[-37.164092,-4.934156],[-36.691523,-5.093284],[-35.949516,-5.044129],[-35.396155,-5.246448],[-35.0,-6.369423],[-35.00748,-8.561711],[-35.35409,-9.255439],[-36.399951,-10.519928],[-36.91905,-10.811265],[-37.341147,-11.442336]]]}},{\"type\":\"Feature\",\"properties\":{\"code_region\":3.0,\"name_region\":\"Sudeste\"},\"geometry\":{\"type\":\"MultiPolygon\",\"coordinates\":[[[[-49.004732,-24.638311],[-49.312015,-24.663533],[-49.201211,-24.3427],[-49.610737,-23.851695],[-49.67832,-23.165062],[-49.986165,-22.897505],[-50.73637,-22.963351],[-51.2652,-22.667697],[-52.109212,-22.516295],[-52.222577,-22.675535],[-53.108915,-22.598317],[-52.487714,-22.217206],[-52.076492,-21.71488],[-51.594148,-20.643848],[-51.058933,-20.235161],[-50.962378,-19.481896],[-50.830451,-19.492276],[-50.822664,-19.295131],[-50.31449,-18.70075],[-49.533915,-18.492515],[-49.384009,-18.644728],[-48.933172,-18.305454],[-48.262408,-18.331885],[-47.954937,-18.50028],[-47.283205,-18.058236],[-47.265793,-17.610444],[-47.538826,-17.388801],[-47.126129,-16.979503],[-47.459797,-16.501738],[-47.300502,-16.017052],[-46.806899,-15.879249],[-46.920592,-15.050859],[-46.503608,-15.053433],[-46.474904,-14.705183],[-46.286865,-14.928146],[-46.00388,-14.90229],[-46.058113,-15.262742],[-44.215333,-14.233181],[-43.784017,-14.337179],[-43.883508,-14.653232],[-43.529757,-14.815945],[-43.17635,-14.650544],[-42.091621,-15.186605],[-41.80071,-15.101097],[-41.356423,-15.500286],[-41.331206,-15.744673],[-40.704576,-15.666399],[-39.915139,-15.999985],[-39.916678,-16.283843],[-40.27549,-16.573418],[-40.281637,-16.901184],[-40.491206,-16.88449],[-40.623475,-17.405981],[-40.220797,-17.737247],[-40.23554,-17.975369],[-39.666632,-18.331542],[-39.701857,-19.389312],[-40.423002,-20.636163],[-40.756325,-20.860713],[-40.953808,-21.237987],[-41.072584,-21.513024],[-40.989713,-22.010614],[-41.963779,-22.536574],[-41.863528,-22.754839],[-42.01284,-22.997678],[-43.051652,-22.982307],[-43.085543,-22.680491],[-43.278515,-22.780385],[-43.183363,-22.986128],[-43.553333,-23.076653],[-44.007195,-23.095338],[-43.560434,-23.057259],[-43.84107,-22.90179],[-44.225366,-23.062746],[-44.412281,-22.941863],[-44.690582,-23.08289],[-44.712647,-23.233772],[-44.502899,-23.294436],[-44.585537,-23.359937],[-44.908061,-23.334202],[-45.410146,-23.62635],[-45.432255,-23.832976],[-45.922839,-23.770029],[-46.823423,-24.205931],[-48.099475,-25.312321],[-48.02755,-25.220509],[-48.191361,-25.196241],[-48.250281,-24.977418],[-48.582662,-25.051646],[-48.580751,-24.671569],[-49.004732,-24.638311]]],[[[-44.234249,-23.089876],[-44.095441,-23.175389],[-44.349255,-23.226683],[-44.234249,-23.089876]]],[[[-45.3289,-23.722294],[-45.251046,-23.966065],[-45.460421,-23.914152],[-45.3289,-23.722294]]]]}},{\"type\":\"Feature\",\"properties\":{\"code_region\":4.0,\"name_region\":\"Sul\"},\"geometry\":{\"type\":\"Polygon\",\"coordinates\":[[[-52.084294,-32.084324],[-52.644922,-33.138791],[-53.397175,-33.752081],[-53.536195,-33.649563],[-53.418217,-33.119603],[-53.256639,-33.104451],[-53.131731,-32.795165],[-52.761743,-32.876975],[-52.586409,-32.530697],[-52.622417,-32.143979],[-53.084644,-32.658242],[-53.388629,-32.587585],[-53.745687,-32.079179],[-54.586331,-31.457182],[-55.23966,-31.261032],[-55.577172,-30.833834],[-56.01012,-31.081468],[-56.023436,-30.786898],[-56.806443,-30.1053],[-57.069926,-30.087082],[-57.218015,-30.29038],[-57.643885,-30.193481],[-56.418577,-29.075551],[-55.877117,-28.361726],[-55.693838,-28.422839],[-55.777631,-28.247086],[-55.030989,-27.856225],[-54.811408,-27.530993],[-54.278207,-27.446475],[-53.672658,-26.945529],[-53.759708,-26.640354],[-53.641337,-26.215161],[-53.842077,-25.687935],[-54.10259,-25.49502],[-54.434534,-25.695236],[-54.619305,-25.454099],[-54.259152,-24.364925],[-54.344474,-24.140637],[-54.101765,-23.951964],[-53.986597,-23.464794],[-53.741324,-23.335638],[-53.546827,-22.890096],[-52.972425,-22.570485],[-52.222577,-22.675536],[-52.109212,-22.516295],[-51.2652,-22.667697],[-50.73637,-22.963351],[-49.986165,-22.897505],[-49.67832,-23.165062],[-49.610737,-23.851695],[-49.201211,-24.3427],[-49.305398,-24.67365],[-48.582035,-24.670701],[-48.556008,-25.086553],[-48.250281,-24.977418],[-48.191361,-25.196241],[-48.02755,-25.220509],[-48.599081,-25.987537],[-48.492926,-26.218826],[-48.687934,-26.679676],[-48.608551,-27.114211],[-48.46483,-27.143917],[-48.608026,-27.434537],[-48.358509,-27.440225],[-48.74673,-28.506974],[-49.712566,-29.325572],[-50.78857,-31.134087],[-52.078938,-32.14265],[-52.084294,-32.084324]],[[-52.087383,-32.050691],[-52.111026,-31.793263],[-51.852269,-31.867548],[-51.25069,-31.469596],[-51.16778,-31.062691],[-50.701987,-30.746327],[-50.71754,-30.351986],[-50.57442,-30.481476],[-50.596492,-30.194944],[-50.916522,-30.440679],[-51.299372,-30.002626],[-51.295273,-30.302947],[-51.094657,-30.36473],[-51.279155,-30.510404],[-51.282435,-30.812539],[-51.371645,-30.636097],[-51.440252,-31.088219],[-51.930561,-31.318935],[-52.030653,-31.692345],[-52.225768,-31.751898],[-52.111197,-31.950696],[-52.248232,-32.051724],[-52.095208,-32.005371],[-52.240224,-32.079764],[-52.087383,-32.050691]]]}},{\"type\":\"Feature\",\"properties\":{\"code_region\":5.0,\"name_region\":\"Centro Oeste\"},\"geometry\":{\"type\":\"Polygon\",\"coordinates\":[[[-50.511066,-12.860768],[-50.144868,-12.39521],[-50.292652,-12.839916],[-49.369529,-13.274619],[-49.237414,-12.884075],[-49.119083,-12.790362],[-48.97563,-12.957194],[-48.870081,-12.803479],[-48.602341,-13.059171],[-48.586411,-13.317614],[-48.507938,-13.127998],[-48.441713,-13.292367],[-48.146654,-13.152011],[-48.165404,-13.305789],[-47.82122,-13.312608],[-47.678986,-13.467713],[-47.634229,-13.103112],[-47.427066,-13.290661],[-46.45465,-12.971153],[-46.417625,-12.823458],[-46.364279,-12.99136],[-46.11391,-12.918251],[-46.322665,-13.098283],[-46.279389,-13.347898],[-46.041083,-13.27667],[-46.244283,-13.433694],[-46.265972,-14.096687],[-45.906968,-14.358051],[-46.088142,-14.936393],[-46.501114,-14.703026],[-46.503608,-15.053433],[-46.920592,-15.050859],[-46.806899,-15.879249],[-47.352732,-16.13283],[-47.46007,-16.505097],[-47.126129,-16.979503],[-47.541185,-17.454304],[-47.265793,-17.610444],[-47.283205,-18.058236],[-47.954937,-18.50028],[-48.262408,-18.331885],[-48.933172,-18.305454],[-49.384009,-18.644728],[-49.533915,-18.492515],[-50.31449,-18.70075],[-50.822664,-19.295131],[-50.830451,-19.492276],[-50.962378,-19.481896],[-51.058933,-20.235161],[-51.594148,-20.643848],[-52.076492,-21.71488],[-52.487714,-22.217206],[-53.607424,-22.951333],[-53.741324,-23.335638],[-53.986597,-23.464794],[-54.120285,-23.974129],[-54.289331,-24.068371],[-54.669472,-23.812505],[-55.402863,-23.974161],[-55.614422,-22.655095],[-55.843127,-22.287109],[-56.209075,-22.278207],[-56.393656,-22.074439],[-56.842386,-22.301588],[-57.995072,-22.088709],[-57.818769,-20.94526],[-58.168512,-20.172243],[-57.858152,-19.971417],[-58.131819,-19.758497],[-57.453919,-18.231194],[-57.752295,-17.564463],[-58.397002,-17.181551],[-58.470585,-16.703023],[-58.321083,-16.26475],[-60.171717,-16.266106],[-60.238605,-15.473852],[-60.565019,-15.108684],[-60.244321,-15.096806],[-60.49243,-14.188226],[-60.382096,-13.987456],[-60.717019,-13.685114],[-60.384039,-13.449228],[-60.067946,-12.613182],[-59.774357,-12.340956],[-60.108776,-11.839579],[-59.917198,-11.338434],[-59.983903,-11.116277],[-60.458524,-10.989307],[-61.550258,-10.986094],[-61.476807,-9.628723],[-61.63336,-9.270607],[-61.468505,-8.917368],[-61.583147,-8.798688],[-58.415877,-8.792843],[-58.287168,-8.128545],[-58.384741,-7.843989],[-58.135248,-7.349028],[-57.643212,-8.212175],[-57.592939,-8.756477],[-57.195004,-8.927514],[-56.757384,-9.406176],[-50.224806,-9.841153],[-50.602898,-10.658234],[-50.742063,-11.454906],[-50.701346,-12.64346],[-50.511066,-12.860768]]]}}]}"]}
